{"cameraMode":{"drawMode":0,"name":"Shaded","section":"Shading Mode"},"sceneLighting":true,"audioPlay":false,"sceneViewState":{"m_AlwaysRefresh":false,"showFog":true,"showSkybox":true,"showFlares":true,"showImageEffects":true,"showParticleSystems":true,"showVisualEffectGraphs":true,"m_FxEnabled":true},"in2DMode":false,"pivot":{"x":-26.168012619018556,"y":69.64452362060547,"z":-37.510345458984378},"rotation":{"x":0.38384878635406496,"y":-0.10903225839138031,"z":0.045701153576374057,"w":0.9157953858375549},"size":53.611167907714847,"orthographic":true}